"comparison","segment","mode","year","value","model_value","Units"
"Ambition vs Baseline","Freight","Freight Rail",2015,0,0,"billion tkm"
"Ambition vs Baseline","Freight","Freight Rail",2020,0,0,"billion tkm"
"Ambition vs Baseline","Freight","Freight Rail",2025,0,0,"billion tkm"
"Ambition vs Baseline","Freight","Freight Rail",2030,8.1316,8.1316,"billion tkm"
"Ambition vs Baseline","Freight","Freight Rail",2035,19.2593,19.2593,"billion tkm"
"Ambition vs Baseline","Freight","Freight Rail",2040,37.556,37.556,"billion tkm"
"Ambition vs Baseline","Freight","Freight Rail",2045,52.601,52.601,"billion tkm"
"Ambition vs Baseline","Freight","Freight Rail",2050,67.792,67.792,"billion tkm"
"Ambition vs Baseline","Freight","Freight Rail",2055,82.474,82.474,"billion tkm"
"Ambition vs Baseline","Freight","Freight Rail",2060,98.049,98.049,"billion tkm"
"Ambition vs Baseline","Freight","Heavy truck",2015,0,0,"billion tkm"
"Ambition vs Baseline","Freight","Heavy truck",2020,0,0,"billion tkm"
"Ambition vs Baseline","Freight","Heavy truck",2025,0,0,"billion tkm"
"Ambition vs Baseline","Freight","Heavy truck",2030,-7.84989,-7.84989,"billion tkm"
"Ambition vs Baseline","Freight","Heavy truck",2035,-15.1427,-15.1427,"billion tkm"
"Ambition vs Baseline","Freight","Heavy truck",2040,-25.9746,-25.9746,"billion tkm"
"Ambition vs Baseline","Freight","Heavy truck",2045,-38.5923,-38.5923,"billion tkm"
"Ambition vs Baseline","Freight","Heavy truck",2050,-52.362,-52.362,"billion tkm"
"Ambition vs Baseline","Freight","Heavy truck",2055,-61.3613,-61.3613,"billion tkm"
"Ambition vs Baseline","Freight","Heavy truck",2060,-71.0337,-71.0337,"billion tkm"
"Ambition vs Baseline","Freight","Light truck",2015,0,0,"billion tkm"
"Ambition vs Baseline","Freight","Light truck",2020,0,0,"billion tkm"
"Ambition vs Baseline","Freight","Light truck",2025,0,0,"billion tkm"
"Ambition vs Baseline","Freight","Light truck",2030,-1.54263,-1.54263,"billion tkm"
"Ambition vs Baseline","Freight","Light truck",2035,-2.75498,-2.75498,"billion tkm"
"Ambition vs Baseline","Freight","Light truck",2040,-4.46573,-4.46573,"billion tkm"
"Ambition vs Baseline","Freight","Light truck",2045,-6.00193,-6.00193,"billion tkm"
"Ambition vs Baseline","Freight","Light truck",2050,-7.42537,-7.42537,"billion tkm"
"Ambition vs Baseline","Freight","Light truck",2055,-8.39829,-8.39829,"billion tkm"
"Ambition vs Baseline","Freight","Light truck",2060,-9.66158,-9.66158,"billion tkm"
"Ambition vs Baseline","Freight","Medium truck",2015,0,0,"billion tkm"
"Ambition vs Baseline","Freight","Medium truck",2020,0,0,"billion tkm"
"Ambition vs Baseline","Freight","Medium truck",2025,0,0,"billion tkm"
"Ambition vs Baseline","Freight","Medium truck",2030,-2.50479,-2.50479,"billion tkm"
"Ambition vs Baseline","Freight","Medium truck",2035,-4.91883,-4.91883,"billion tkm"
"Ambition vs Baseline","Freight","Medium truck",2040,-7.68389,-7.68389,"billion tkm"
"Ambition vs Baseline","Freight","Medium truck",2045,-10.0078,-10.0078,"billion tkm"
"Ambition vs Baseline","Freight","Medium truck",2050,-12.1856,-12.1856,"billion tkm"
"Ambition vs Baseline","Freight","Medium truck",2055,-13.7258,-13.7258,"billion tkm"
"Ambition vs Baseline","Freight","Medium truck",2060,-15.8347,-15.8347,"billion tkm"
"Ambition vs Baseline","Passenger","Bus",2015,0,0,"billion pkm"
"Ambition vs Baseline","Passenger","Bus",2020,0,0,"billion pkm"
"Ambition vs Baseline","Passenger","Bus",2025,0,0,"billion pkm"
"Ambition vs Baseline","Passenger","Bus",2030,0,-1.3735,"billion pkm"
"Ambition vs Baseline","Passenger","Bus",2035,2.49315,2.49315,"billion pkm"
"Ambition vs Baseline","Passenger","Bus",2040,6.84177,6.84177,"billion pkm"
"Ambition vs Baseline","Passenger","Bus",2045,12.1955,12.1955,"billion pkm"
"Ambition vs Baseline","Passenger","Bus",2050,19.3299,19.3299,"billion pkm"
"Ambition vs Baseline","Passenger","Bus",2055,25.5486,25.5486,"billion pkm"
"Ambition vs Baseline","Passenger","Bus",2060,30.8097,30.8097,"billion pkm"
"Ambition vs Baseline","Passenger","LDVs",2015,0,0,"billion pkm"
"Ambition vs Baseline","Passenger","LDVs",2020,0,0,"billion pkm"
"Ambition vs Baseline","Passenger","LDVs",2025,0,0,"billion pkm"
"Ambition vs Baseline","Passenger","LDVs",2030,-4.86745,-4.86745,"billion pkm"
"Ambition vs Baseline","Passenger","LDVs",2035,-16.3119,-16.3119,"billion pkm"
"Ambition vs Baseline","Passenger","LDVs",2040,-29.7434,-29.7434,"billion pkm"
"Ambition vs Baseline","Passenger","LDVs",2045,-44.2378,-44.2378,"billion pkm"
"Ambition vs Baseline","Passenger","LDVs",2050,-61.0759,-61.0759,"billion pkm"
"Ambition vs Baseline","Passenger","LDVs",2055,-78.8488,-78.8488,"billion pkm"
"Ambition vs Baseline","Passenger","LDVs",2060,-96.1987,-96.1987,"billion pkm"
"Ambition vs Baseline","Passenger","Passenger Rail",2015,0,0,"billion pkm"
"Ambition vs Baseline","Passenger","Passenger Rail",2020,0,0,"billion pkm"
"Ambition vs Baseline","Passenger","Passenger Rail",2025,0,0,"billion pkm"
"Ambition vs Baseline","Passenger","Passenger Rail",2030,7.7555,7.7555,"billion pkm"
"Ambition vs Baseline","Passenger","Passenger Rail",2035,17.0127,17.0127,"billion pkm"
"Ambition vs Baseline","Passenger","Passenger Rail",2040,28.076,28.076,"billion pkm"
"Ambition vs Baseline","Passenger","Passenger Rail",2045,39.3603,39.3603,"billion pkm"
"Ambition vs Baseline","Passenger","Passenger Rail",2050,51.3716,51.3716,"billion pkm"
"Ambition vs Baseline","Passenger","Passenger Rail",2055,64.5698,64.5698,"billion pkm"
"Ambition vs Baseline","Passenger","Passenger Rail",2060,78.4912,78.4912,"billion pkm"
"Ambition+ vs Baseline","Freight","Freight Rail",2015,0,0,"billion tkm"
"Ambition+ vs Baseline","Freight","Freight Rail",2020,0,0,"billion tkm"
"Ambition+ vs Baseline","Freight","Freight Rail",2025,0,0,"billion tkm"
"Ambition+ vs Baseline","Freight","Freight Rail",2030,28.7688,28.7688,"billion tkm"
"Ambition+ vs Baseline","Freight","Freight Rail",2035,55.3061,55.3061,"billion tkm"
"Ambition+ vs Baseline","Freight","Freight Rail",2040,101.016,101.016,"billion tkm"
"Ambition+ vs Baseline","Freight","Freight Rail",2045,131.907,131.907,"billion tkm"
"Ambition+ vs Baseline","Freight","Freight Rail",2050,144.07,144.07,"billion tkm"
"Ambition+ vs Baseline","Freight","Freight Rail",2055,158.754,158.754,"billion tkm"
"Ambition+ vs Baseline","Freight","Freight Rail",2060,181.14,181.14,"billion tkm"
"Ambition+ vs Baseline","Freight","Heavy truck",2015,0,0,"billion tkm"
"Ambition+ vs Baseline","Freight","Heavy truck",2020,0,0,"billion tkm"
"Ambition+ vs Baseline","Freight","Heavy truck",2025,0,0,"billion tkm"
"Ambition+ vs Baseline","Freight","Heavy truck",2030,-91.4089,-91.4089,"billion tkm"
"Ambition+ vs Baseline","Freight","Heavy truck",2035,-121.886,-121.886,"billion tkm"
"Ambition+ vs Baseline","Freight","Heavy truck",2040,-160.071,-160.071,"billion tkm"
"Ambition+ vs Baseline","Freight","Heavy truck",2045,-199.294,-199.294,"billion tkm"
"Ambition+ vs Baseline","Freight","Heavy truck",2050,-198.73,-198.73,"billion tkm"
"Ambition+ vs Baseline","Freight","Heavy truck",2055,-185.555,-185.555,"billion tkm"
"Ambition+ vs Baseline","Freight","Heavy truck",2060,-182.145,-182.145,"billion tkm"
"Ambition+ vs Baseline","Freight","Light truck",2015,0,0,"billion tkm"
"Ambition+ vs Baseline","Freight","Light truck",2020,0,0,"billion tkm"
"Ambition+ vs Baseline","Freight","Light truck",2025,0,0,"billion tkm"
"Ambition+ vs Baseline","Freight","Light truck",2030,-12.7314,-12.7314,"billion tkm"
"Ambition+ vs Baseline","Freight","Light truck",2035,-11.4936,-11.4936,"billion tkm"
"Ambition+ vs Baseline","Freight","Light truck",2040,-12.8179,-12.8179,"billion tkm"
"Ambition+ vs Baseline","Freight","Light truck",2045,-12.8036,-12.8036,"billion tkm"
"Ambition+ vs Baseline","Freight","Light truck",2050,-10.5688,-10.5688,"billion tkm"
"Ambition+ vs Baseline","Freight","Light truck",2055,-14.9561,-14.9561,"billion tkm"
"Ambition+ vs Baseline","Freight","Light truck",2060,-22.8854,-22.8854,"billion tkm"
"Ambition+ vs Baseline","Freight","Medium truck",2015,0,0,"billion tkm"
"Ambition+ vs Baseline","Freight","Medium truck",2020,0,0,"billion tkm"
"Ambition+ vs Baseline","Freight","Medium truck",2025,0,0,"billion tkm"
"Ambition+ vs Baseline","Freight","Medium truck",2030,-22.9679,-22.9679,"billion tkm"
"Ambition+ vs Baseline","Freight","Medium truck",2035,-25.9944,-25.9944,"billion tkm"
"Ambition+ vs Baseline","Freight","Medium truck",2040,-28.2307,-28.2307,"billion tkm"
"Ambition+ vs Baseline","Freight","Medium truck",2045,-26.4274,-26.4274,"billion tkm"
"Ambition+ vs Baseline","Freight","Medium truck",2050,-20.8074,-20.8074,"billion tkm"
"Ambition+ vs Baseline","Freight","Medium truck",2055,-23.3709,-23.3709,"billion tkm"
"Ambition+ vs Baseline","Freight","Medium truck",2060,-33.0908,-33.0908,"billion tkm"
"Ambition+ vs Baseline","Passenger","Bus",2015,0,0,"billion pkm"
"Ambition+ vs Baseline","Passenger","Bus",2020,0,0,"billion pkm"
"Ambition+ vs Baseline","Passenger","Bus",2025,0,0,"billion pkm"
"Ambition+ vs Baseline","Passenger","Bus",2030,0,-2.79945,"billion pkm"
"Ambition+ vs Baseline","Passenger","Bus",2035,1.36115,1.36115,"billion pkm"
"Ambition+ vs Baseline","Passenger","Bus",2040,8.5772,8.5772,"billion pkm"
"Ambition+ vs Baseline","Passenger","Bus",2045,20.1598,20.1598,"billion pkm"
"Ambition+ vs Baseline","Passenger","Bus",2050,33.5273,33.5273,"billion pkm"
"Ambition+ vs Baseline","Passenger","Bus",2055,43.7991,43.7991,"billion pkm"
"Ambition+ vs Baseline","Passenger","Bus",2060,52.1395,52.1395,"billion pkm"
"Ambition+ vs Baseline","Passenger","LDVs",2015,0,0,"billion pkm"
"Ambition+ vs Baseline","Passenger","LDVs",2020,0,0,"billion pkm"
"Ambition+ vs Baseline","Passenger","LDVs",2025,0,0,"billion pkm"
"Ambition+ vs Baseline","Passenger","LDVs",2030,-3.64404,-3.64404,"billion pkm"
"Ambition+ vs Baseline","Passenger","LDVs",2035,-19.3803,-19.3803,"billion pkm"
"Ambition+ vs Baseline","Passenger","LDVs",2040,-41.5575,-41.5575,"billion pkm"
"Ambition+ vs Baseline","Passenger","LDVs",2045,-68.9325,-68.9325,"billion pkm"
"Ambition+ vs Baseline","Passenger","LDVs",2050,-98.5032,-98.5032,"billion pkm"
"Ambition+ vs Baseline","Passenger","LDVs",2055,-127.75,-127.75,"billion pkm"
"Ambition+ vs Baseline","Passenger","LDVs",2060,-155.917,-155.917,"billion pkm"
"Ambition+ vs Baseline","Passenger","Passenger Rail",2015,0,0,"billion pkm"
"Ambition+ vs Baseline","Passenger","Passenger Rail",2020,0,0,"billion pkm"
"Ambition+ vs Baseline","Passenger","Passenger Rail",2025,0,0,"billion pkm"
"Ambition+ vs Baseline","Passenger","Passenger Rail",2030,13.2141,13.2141,"billion pkm"
"Ambition+ vs Baseline","Passenger","Passenger Rail",2035,28.5195,28.5195,"billion pkm"
"Ambition+ vs Baseline","Passenger","Passenger Rail",2040,47.2593,47.2593,"billion pkm"
"Ambition+ vs Baseline","Passenger","Passenger Rail",2045,66.2418,66.2418,"billion pkm"
"Ambition+ vs Baseline","Passenger","Passenger Rail",2050,86.1387,86.1387,"billion pkm"
"Ambition+ vs Baseline","Passenger","Passenger Rail",2055,107.925,107.925,"billion pkm"
"Ambition+ vs Baseline","Passenger","Passenger Rail",2060,130.79,130.79,"billion pkm"
