"scenario","segment","mode","year","value","Units"
"Baseline","Freight","Freight Rail",2015,12.0242,"billion tkm"
"Baseline","Freight","Freight Rail",2020,12.4994,"billion tkm"
"Baseline","Freight","Freight Rail",2025,17.2497,"billion tkm"
"Baseline","Freight","Freight Rail",2030,54.851,"billion tkm"
"Baseline","Freight","Freight Rail",2035,78.1857,"billion tkm"
"Baseline","Freight","Freight Rail",2040,121.759,"billion tkm"
"Baseline","Freight","Freight Rail",2045,144.661,"billion tkm"
"Baseline","Freight","Freight Rail",2050,166.623,"billion tkm"
"Baseline","Freight","Freight Rail",2055,192.294,"billion tkm"
"Baseline","Freight","Freight Rail",2060,219.691,"billion tkm"
"Baseline","Freight","Heavy truck",2015,319.853,"billion tkm"
"Baseline","Freight","Heavy truck",2020,318.062,"billion tkm"
"Baseline","Freight","Heavy truck",2025,430.654,"billion tkm"
"Baseline","Freight","Heavy truck",2030,505.731,"billion tkm"
"Baseline","Freight","Heavy truck",2035,580.668,"billion tkm"
"Baseline","Freight","Heavy truck",2040,643.436,"billion tkm"
"Baseline","Freight","Heavy truck",2045,710.703,"billion tkm"
"Baseline","Freight","Heavy truck",2050,781.405,"billion tkm"
"Baseline","Freight","Heavy truck",2055,842.558,"billion tkm"
"Baseline","Freight","Heavy truck",2060,900.405,"billion tkm"
"Baseline","Freight","Light truck",2015,52.099,"billion tkm"
"Baseline","Freight","Light truck",2020,52.5566,"billion tkm"
"Baseline","Freight","Light truck",2025,73.9043,"billion tkm"
"Baseline","Freight","Light truck",2030,88.4097,"billion tkm"
"Baseline","Freight","Light truck",2035,102.962,"billion tkm"
"Baseline","Freight","Light truck",2040,114.265,"billion tkm"
"Baseline","Freight","Light truck",2045,126.416,"billion tkm"
"Baseline","Freight","Light truck",2050,139.084,"billion tkm"
"Baseline","Freight","Light truck",2055,149.947,"billion tkm"
"Baseline","Freight","Light truck",2060,159.994,"billion tkm"
"Baseline","Freight","Medium truck",2015,84.828,"billion tkm"
"Baseline","Freight","Medium truck",2020,84.9971,"billion tkm"
"Baseline","Freight","Medium truck",2025,117.397,"billion tkm"
"Baseline","Freight","Medium truck",2030,139.249,"billion tkm"
"Baseline","Freight","Medium truck",2035,161.098,"billion tkm"
"Baseline","Freight","Medium truck",2040,178.489,"billion tkm"
"Baseline","Freight","Medium truck",2045,197.056,"billion tkm"
"Baseline","Freight","Medium truck",2050,216.413,"billion tkm"
"Baseline","Freight","Medium truck",2055,233.019,"billion tkm"
"Baseline","Freight","Medium truck",2060,248.668,"billion tkm"
"Baseline","Passenger","Bus",2015,76.2426,"billion pkm"
"Baseline","Passenger","Bus",2020,92.2416,"billion pkm"
"Baseline","Passenger","Bus",2025,112.178,"billion pkm"
"Baseline","Passenger","Bus",2030,131.719,"billion pkm"
"Baseline","Passenger","Bus",2035,148.213,"billion pkm"
"Baseline","Passenger","Bus",2040,165.099,"billion pkm"
"Baseline","Passenger","Bus",2045,182.424,"billion pkm"
"Baseline","Passenger","Bus",2050,199.884,"billion pkm"
"Baseline","Passenger","Bus",2055,216.807,"billion pkm"
"Baseline","Passenger","Bus",2060,233.96,"billion pkm"
"Baseline","Passenger","LDVs",2015,465.034,"billion pkm"
"Baseline","Passenger","LDVs",2020,469.493,"billion pkm"
"Baseline","Passenger","LDVs",2025,566.416,"billion pkm"
"Baseline","Passenger","LDVs",2030,617.254,"billion pkm"
"Baseline","Passenger","LDVs",2035,661.868,"billion pkm"
"Baseline","Passenger","LDVs",2040,701.625,"billion pkm"
"Baseline","Passenger","LDVs",2045,738.752,"billion pkm"
"Baseline","Passenger","LDVs",2050,773.342,"billion pkm"
"Baseline","Passenger","LDVs",2055,807.619,"billion pkm"
"Baseline","Passenger","LDVs",2060,839.868,"billion pkm"
"Baseline","Passenger","Passenger Rail",2015,5.68992,"billion pkm"
"Baseline","Passenger","Passenger Rail",2020,9.18265,"billion pkm"
"Baseline","Passenger","Passenger Rail",2025,12.2039,"billion pkm"
"Baseline","Passenger","Passenger Rail",2030,22.2986,"billion pkm"
"Baseline","Passenger","Passenger Rail",2035,32.1595,"billion pkm"
"Baseline","Passenger","Passenger Rail",2040,43.8047,"billion pkm"
"Baseline","Passenger","Passenger Rail",2045,55.324,"billion pkm"
"Baseline","Passenger","Passenger Rail",2050,67.7132,"billion pkm"
"Baseline","Passenger","Passenger Rail",2055,80.8084,"billion pkm"
"Baseline","Passenger","Passenger Rail",2060,94.7736,"billion pkm"
"Ambition","Freight","Freight Rail",2015,12.0242,"billion tkm"
"Ambition","Freight","Freight Rail",2020,12.4994,"billion tkm"
"Ambition","Freight","Freight Rail",2025,17.2497,"billion tkm"
"Ambition","Freight","Freight Rail",2030,62.9826,"billion tkm"
"Ambition","Freight","Freight Rail",2035,97.445,"billion tkm"
"Ambition","Freight","Freight Rail",2040,159.315,"billion tkm"
"Ambition","Freight","Freight Rail",2045,197.262,"billion tkm"
"Ambition","Freight","Freight Rail",2050,234.415,"billion tkm"
"Ambition","Freight","Freight Rail",2055,274.768,"billion tkm"
"Ambition","Freight","Freight Rail",2060,317.74,"billion tkm"
"Ambition","Freight","Heavy truck",2015,319.853,"billion tkm"
"Ambition","Freight","Heavy truck",2020,318.062,"billion tkm"
"Ambition","Freight","Heavy truck",2025,430.654,"billion tkm"
"Ambition","Freight","Heavy truck",2030,497.881,"billion tkm"
"Ambition","Freight","Heavy truck",2035,565.526,"billion tkm"
"Ambition","Freight","Heavy truck",2040,617.461,"billion tkm"
"Ambition","Freight","Heavy truck",2045,672.111,"billion tkm"
"Ambition","Freight","Heavy truck",2050,729.043,"billion tkm"
"Ambition","Freight","Heavy truck",2055,781.197,"billion tkm"
"Ambition","Freight","Heavy truck",2060,829.371,"billion tkm"
"Ambition","Freight","Light truck",2015,52.099,"billion tkm"
"Ambition","Freight","Light truck",2020,52.5566,"billion tkm"
"Ambition","Freight","Light truck",2025,73.9043,"billion tkm"
"Ambition","Freight","Light truck",2030,86.8671,"billion tkm"
"Ambition","Freight","Light truck",2035,100.207,"billion tkm"
"Ambition","Freight","Light truck",2040,109.8,"billion tkm"
"Ambition","Freight","Light truck",2045,120.414,"billion tkm"
"Ambition","Freight","Light truck",2050,131.658,"billion tkm"
"Ambition","Freight","Light truck",2055,141.548,"billion tkm"
"Ambition","Freight","Light truck",2060,150.333,"billion tkm"
"Ambition","Freight","Medium truck",2015,84.828,"billion tkm"
"Ambition","Freight","Medium truck",2020,84.9971,"billion tkm"
"Ambition","Freight","Medium truck",2025,117.397,"billion tkm"
"Ambition","Freight","Medium truck",2030,136.744,"billion tkm"
"Ambition","Freight","Medium truck",2035,156.179,"billion tkm"
"Ambition","Freight","Medium truck",2040,170.805,"billion tkm"
"Ambition","Freight","Medium truck",2045,187.048,"billion tkm"
"Ambition","Freight","Medium truck",2050,204.228,"billion tkm"
"Ambition","Freight","Medium truck",2055,219.293,"billion tkm"
"Ambition","Freight","Medium truck",2060,232.834,"billion tkm"
"Ambition","Passenger","Bus",2015,76.2426,"billion pkm"
"Ambition","Passenger","Bus",2020,92.2416,"billion pkm"
"Ambition","Passenger","Bus",2025,112.178,"billion pkm"
"Ambition","Passenger","Bus",2030,130.345,"billion pkm"
"Ambition","Passenger","Bus",2035,150.706,"billion pkm"
"Ambition","Passenger","Bus",2040,171.941,"billion pkm"
"Ambition","Passenger","Bus",2045,194.62,"billion pkm"
"Ambition","Passenger","Bus",2050,219.214,"billion pkm"
"Ambition","Passenger","Bus",2055,242.356,"billion pkm"
"Ambition","Passenger","Bus",2060,264.77,"billion pkm"
"Ambition","Passenger","LDVs",2015,465.034,"billion pkm"
"Ambition","Passenger","LDVs",2020,469.493,"billion pkm"
"Ambition","Passenger","LDVs",2025,566.416,"billion pkm"
"Ambition","Passenger","LDVs",2030,612.386,"billion pkm"
"Ambition","Passenger","LDVs",2035,645.556,"billion pkm"
"Ambition","Passenger","LDVs",2040,671.881,"billion pkm"
"Ambition","Passenger","LDVs",2045,694.514,"billion pkm"
"Ambition","Passenger","LDVs",2050,712.266,"billion pkm"
"Ambition","Passenger","LDVs",2055,728.77,"billion pkm"
"Ambition","Passenger","LDVs",2060,743.669,"billion pkm"
"Ambition","Passenger","Passenger Rail",2015,5.68992,"billion pkm"
"Ambition","Passenger","Passenger Rail",2020,9.18265,"billion pkm"
"Ambition","Passenger","Passenger Rail",2025,12.2039,"billion pkm"
"Ambition","Passenger","Passenger Rail",2030,30.0541,"billion pkm"
"Ambition","Passenger","Passenger Rail",2035,49.1722,"billion pkm"
"Ambition","Passenger","Passenger Rail",2040,71.8806,"billion pkm"
"Ambition","Passenger","Passenger Rail",2045,94.6842,"billion pkm"
"Ambition","Passenger","Passenger Rail",2050,119.085,"billion pkm"
"Ambition","Passenger","Passenger Rail",2055,145.378,"billion pkm"
"Ambition","Passenger","Passenger Rail",2060,173.265,"billion pkm"
"Ambition+","Freight","Freight Rail",2015,12.0242,"billion tkm"
"Ambition+","Freight","Freight Rail",2020,12.4994,"billion tkm"
"Ambition+","Freight","Freight Rail",2025,17.2497,"billion tkm"
"Ambition+","Freight","Freight Rail",2030,83.6198,"billion tkm"
"Ambition+","Freight","Freight Rail",2035,133.492,"billion tkm"
"Ambition+","Freight","Freight Rail",2040,222.775,"billion tkm"
"Ambition+","Freight","Freight Rail",2045,276.568,"billion tkm"
"Ambition+","Freight","Freight Rail",2050,310.693,"billion tkm"
"Ambition+","Freight","Freight Rail",2055,351.048,"billion tkm"
"Ambition+","Freight","Freight Rail",2060,400.831,"billion tkm"
"Ambition+","Freight","Heavy truck",2015,319.853,"billion tkm"
"Ambition+","Freight","Heavy truck",2020,318.062,"billion tkm"
"Ambition+","Freight","Heavy truck",2025,430.654,"billion tkm"
"Ambition+","Freight","Heavy truck",2030,414.322,"billion tkm"
"Ambition+","Freight","Heavy truck",2035,458.783,"billion tkm"
"Ambition+","Freight","Heavy truck",2040,483.365,"billion tkm"
"Ambition+","Freight","Heavy truck",2045,511.41,"billion tkm"
"Ambition+","Freight","Heavy truck",2050,582.675,"billion tkm"
"Ambition+","Freight","Heavy truck",2055,657.003,"billion tkm"
"Ambition+","Freight","Heavy truck",2060,718.259,"billion tkm"
"Ambition+","Freight","Light truck",2015,52.099,"billion tkm"
"Ambition+","Freight","Light truck",2020,52.5566,"billion tkm"
"Ambition+","Freight","Light truck",2025,73.9043,"billion tkm"
"Ambition+","Freight","Light truck",2030,75.6783,"billion tkm"
"Ambition+","Freight","Light truck",2035,91.468,"billion tkm"
"Ambition+","Freight","Light truck",2040,101.448,"billion tkm"
"Ambition+","Freight","Light truck",2045,113.612,"billion tkm"
"Ambition+","Freight","Light truck",2050,128.515,"billion tkm"
"Ambition+","Freight","Light truck",2055,134.991,"billion tkm"
"Ambition+","Freight","Light truck",2060,137.109,"billion tkm"
"Ambition+","Freight","Medium truck",2015,84.828,"billion tkm"
"Ambition+","Freight","Medium truck",2020,84.9971,"billion tkm"
"Ambition+","Freight","Medium truck",2025,117.397,"billion tkm"
"Ambition+","Freight","Medium truck",2030,116.281,"billion tkm"
"Ambition+","Freight","Medium truck",2035,135.104,"billion tkm"
"Ambition+","Freight","Medium truck",2040,150.258,"billion tkm"
"Ambition+","Freight","Medium truck",2045,170.628,"billion tkm"
"Ambition+","Freight","Medium truck",2050,195.606,"billion tkm"
"Ambition+","Freight","Medium truck",2055,209.648,"billion tkm"
"Ambition+","Freight","Medium truck",2060,215.578,"billion tkm"
"Ambition+","Passenger","Bus",2015,76.2426,"billion pkm"
"Ambition+","Passenger","Bus",2020,92.2416,"billion pkm"
"Ambition+","Passenger","Bus",2025,112.178,"billion pkm"
"Ambition+","Passenger","Bus",2030,128.92,"billion pkm"
"Ambition+","Passenger","Bus",2035,149.574,"billion pkm"
"Ambition+","Passenger","Bus",2040,173.676,"billion pkm"
"Ambition+","Passenger","Bus",2045,202.584,"billion pkm"
"Ambition+","Passenger","Bus",2050,233.411,"billion pkm"
"Ambition+","Passenger","Bus",2055,260.606,"billion pkm"
"Ambition+","Passenger","Bus",2060,286.1,"billion pkm"
"Ambition+","Passenger","LDVs",2015,465.034,"billion pkm"
"Ambition+","Passenger","LDVs",2020,469.493,"billion pkm"
"Ambition+","Passenger","LDVs",2025,566.416,"billion pkm"
"Ambition+","Passenger","LDVs",2030,613.61,"billion pkm"
"Ambition+","Passenger","LDVs",2035,642.488,"billion pkm"
"Ambition+","Passenger","LDVs",2040,660.067,"billion pkm"
"Ambition+","Passenger","LDVs",2045,669.819,"billion pkm"
"Ambition+","Passenger","LDVs",2050,674.839,"billion pkm"
"Ambition+","Passenger","LDVs",2055,679.869,"billion pkm"
"Ambition+","Passenger","LDVs",2060,683.951,"billion pkm"
"Ambition+","Passenger","Passenger Rail",2015,5.68992,"billion pkm"
"Ambition+","Passenger","Passenger Rail",2020,9.18265,"billion pkm"
"Ambition+","Passenger","Passenger Rail",2025,12.2039,"billion pkm"
"Ambition+","Passenger","Passenger Rail",2030,35.5127,"billion pkm"
"Ambition+","Passenger","Passenger Rail",2035,60.679,"billion pkm"
"Ambition+","Passenger","Passenger Rail",2040,91.0639,"billion pkm"
"Ambition+","Passenger","Passenger Rail",2045,121.566,"billion pkm"
"Ambition+","Passenger","Passenger Rail",2050,153.852,"billion pkm"
"Ambition+","Passenger","Passenger Rail",2055,188.734,"billion pkm"
"Ambition+","Passenger","Passenger Rail",2060,225.563,"billion pkm"
