"scenario","year","value","model_value","Units"
"No Policy",2015,332.582,339.732,"Mboe"
"No Policy",2020,363.039,363.039,"Mboe"
"No Policy",2025,450.402,450.402,"Mboe"
"No Policy",2030,501.409,501.409,"Mboe"
"No Policy",2035,541.387,541.387,"Mboe"
"No Policy",2040,577.777,577.777,"Mboe"
"No Policy",2045,610.573,610.573,"Mboe"
"No Policy",2050,638.831,638.831,"Mboe"
"No Policy",2055,662.672,662.672,"Mboe"
"No Policy",2060,683.838,683.838,"Mboe"
"Baseline",2015,332.582,332.582,"Mboe"
"Baseline",2020,328.421,328.421,"Mboe"
"Baseline",2025,384.356,384.356,"Mboe"
"Baseline",2030,398.901,398.901,"Mboe"
"Baseline",2035,403.989,403.989,"Mboe"
"Baseline",2040,409.995,409.995,"Mboe"
"Baseline",2045,422.653,422.653,"Mboe"
"Baseline",2050,435.478,435.478,"Mboe"
"Baseline",2055,447.032,447.032,"Mboe"
"Baseline",2060,458.202,458.202,"Mboe"
"Ambition",2025,384.356,384.356,"Mboe"
"Ambition",2030,377.337,377.337,"Mboe"
"Ambition",2035,363.23,363.23,"Mboe"
"Ambition",2040,349.304,349.304,"Mboe"
"Ambition",2045,346.07,346.07,"Mboe"
"Ambition",2050,343.205,343.205,"Mboe"
"Ambition",2055,344.569,344.569,"Mboe"
"Ambition",2060,348.183,348.183,"Mboe"
"Ambition+",2025,384.356,384.356,"Mboe"
"Ambition+",2030,340.099,340.099,"Mboe"
"Ambition+",2035,299.769,299.769,"Mboe"
"Ambition+",2040,260.688,260.688,"Mboe"
"Ambition+",2045,232.494,232.494,"Mboe"
"Ambition+",2050,218.085,218.085,"Mboe"
"Ambition+",2055,216.746,216.746,"Mboe"
"Ambition+",2060,216.835,216.835,"Mboe"
